id,first_name,last_name
1,Michael,Peanut
2,Shawn,Mickle
3,Kathleen,Pogh
4,Jimmy,Clue
5,Katherine,Reynolds
6,Sarah,Ridge
7,Martin,Mulholland
8,Frank,Ribald
9,Jennifer,Frisk
10,Henry,Winkler
11,Fred,Savage
12,Amy,Devine
13,Kathleen,McErny
14,Steve,Franks
15,Teresa,Howe
16,Amanda,Hubbold
17,Kimberly,Reynolds
18,Johnny,Keen
19,Virginia,Flatley
20,Anna,Arnold
21,Willie,Holmes
22,Sean,Henry
23,Mildred,Ardern
24,David,Gilfoile
25,Victor,Hugo
26,Aaron,Robertson
27,Benjamin,Bratt
28,Lisa,Wilkens
29,Benjamin,Kelly
30,Christina,Wiley
31,Jane,Golden
32,Thomas,Oldfellow
33,Katherine,Mellow
34,Jennifer,Sanders
35,Sara,Tisch
36,Harold,Okeen
37,Shirley,Jones
38,Dennis,Jumper
39,Louise,Williams
40,Maria,Applethorn
41,Gloria,Clearly
42,Diana,Southern
43,Kelly,Nobody
44,Jane,Rybold
45,Scott,Blows
46,Norma,Cleans
47,Marie,Picks
48,Lillian,Crams
49,Judy,Nights
50,Billy,Lies
51,Howard,Ready
52,Laura,Foobs
53,Anne,Bitly
54,Rose,Maybach
55,Nicholas,Rolls
56,Joshua,Kia
57,Paul,Woll
58,Kathryn,Koke
59,Adam,Ant
60,Norma,Wean
61,Timothy,Rim
62,Elizabeth,Piza
63,Edward,Grange
64,David,Crane
65,Brenda,White
66,Adam,Whoke
67,Michael,Howe
68,Jesse,Embers
69,Janet,Pond
70,Helen,Farce
71,Gerald,Clued
72,Kathryn,Oolden
73,Alan,Bloated
74,Harry,Aching
75,Andrea,Headache
76,Barbara,Whitehead
77,Anne,Whitlow
78,Harry,Horder
79,Jack,Roper
80,Phillip,Happy
81,Shirley,Hume
82,Arthur,Dope
83,Virginia,Rope
84,Christina,Rodger
85,Theresa,Mope
86,Jason,Cope
87,Phillip,Bone
88,Adam,Tone
89,Margaret,Jones
90,Paul,Polly
91,Todd,Wolder
92,Willie,Older
93,Frances,Roberts
94,Gregory,Hopper
95,Lisa,Popper
96,Jacqueline,Andor
97,Shirley,Dandy
98,Nicole,Mandy
99,Mary,Grand
100,Jean,Mighty